lang,arm,metric,value,lo,hi,n
en,B-raw,accuracy,0.666,0.637,0.696,1000
en,B-raw,macro_f1,0.6612837144398607,0.628831854745476,0.6892044847669556,1000
en,B-raw,auc,0.72618,0.6948788974315736,0.7589969988226001,1000
en,B-raw,ece,0.11059175289981067,0.09675411083060319,0.14867032534717584,1000
en,B-raw,brier,0.22721872610122681,0.2117950242600452,0.24252033258232447,1000
en,B-fit,accuracy,0.648,0.6189749999999999,0.676,1000
en,B-fit,macro_f1,0.6479098649254209,0.6189961899470396,0.6787687767047079,1000
en,B-fit,auc,0.725144,0.6967878672719541,0.7538276204252882,1000
en,B-fit,ece,0.029157073443794774,0.029093581920622825,0.06885496586822133,1000
en,B-fit,brier,0.21181085869765803,0.20115510267083028,0.22213570098587881,1000
en,M-raw,accuracy,0.552,0.523975,0.582,1000
en,M-raw,macro_f1,0.45493213418402856,0.4245406036535313,0.4855066154445759,1000
en,M-raw,auc,0.709176,0.676768149939976,0.7405023365550751,1000
en,M-raw,ece,0.32780709975957867,0.29576069860644644,0.35798018189501013,1000
en,M-raw,brier,0.33432373443896085,0.3110054574350121,0.35688426364462444,1000
en,M-fit,accuracy,0.652,0.623,0.681,1000
en,M-fit,macro_f1,0.650568729516098,0.6228127634677442,0.6789165984250422,1000
en,M-fit,auc,0.709292,0.6783560415422681,0.7423032427074531,1000
en,M-fit,ece,0.04038585746193406,0.03627029235497852,0.08240095240455365,1000
en,M-fit,brier,0.2179449102229394,0.20824853740583057,0.22731174224795975,1000
en,D-noisyor,accuracy,0.539,0.507,0.572,1000
en,D-noisyor,macro_f1,0.42894587868630296,0.4023736606115176,0.4575890769662396,1000
en,D-noisyor,auc,0.7518239999999999,0.7219125085885545,0.7794589802204953,1000
en,D-noisyor,ece,0.3997500573509237,0.3713790885742213,0.4311571468546128,1000
en,D-noisyor,brier,0.3811679029248454,0.3533776805556451,0.4084533881836968,1000
en,D-fit,accuracy,0.693,0.663,0.7210249999999999,1000
en,D-fit,macro_f1,0.6927415956819685,0.6656409832009687,0.7189905093583185,1000
en,D-fit,auc,0.764356,0.7351038544751635,0.7933402110633185,1000
en,D-fit,ece,0.04451308728832713,0.0387260794454578,0.0805620106041662,1000
en,D-fit,brier,0.19785484542588846,0.18641689333281308,0.20856827775902234,1000
en,MD-fit,accuracy,0.695,0.666,0.722,1000
en,MD-fit,macro_f1,0.6949850542676591,0.6646172708785101,0.7230066349904674,1000
en,MD-fit,auc,0.7678399999999999,0.7371136136044959,0.7971346154774288,1000
en,MD-fit,ece,0.038569471908994894,0.03713330674895787,0.07457016349896842,1000
en,MD-fit,brier,0.19642776163597161,0.18406331006249632,0.20794479805659083,1000
tr,B-raw,accuracy,0.564,0.534975,0.594,1000
tr,B-raw,macro_f1,0.5604395604395604,0.5281837247721203,0.5883652628640191,1000
tr,B-raw,auc,0.620088,0.587143731976467,0.652119038863543,1000
tr,B-raw,ece,0.1100062117036432,0.0920688769344706,0.1425256013711914,1000
tr,B-raw,brier,0.2530719904796662,0.24067286084311204,0.2659990324285971,1000
tr,B-fit,accuracy,0.575,0.54295,0.6040249999999999,1000
tr,B-fit,macro_f1,0.574979173979525,0.5442990361084373,0.6036041887296514,1000
tr,B-fit,auc,0.61946,0.583367641937486,0.6521049471297131,1000
tr,B-fit,ece,0.036137533923158674,0.02743881452975543,0.07471952756773147,1000
tr,B-fit,brier,0.23969656492805738,0.2334560705740986,0.24565073619891614,1000
tr,M-raw,accuracy,0.512,0.483,0.544,1000
tr,M-raw,macro_f1,0.36903949192163676,0.34801461355554747,0.3904608465120632,1000
tr,M-raw,auc,0.561412,0.5263109600234277,0.5992244221199233,1000
tr,M-raw,ece,0.370988377712667,0.3400962530726567,0.40396503448467697,1000
tr,M-raw,brier,0.3808563340996794,0.3578278947029325,0.40218971984671015,1000
tr,M-fit,accuracy,0.544,0.512,0.575,1000
tr,M-fit,macro_f1,0.5412087138148496,0.5120921336007072,0.5739078106131285,1000
tr,M-fit,auc,0.5594920000000001,0.5229845725068215,0.5942358445609389,1000
tr,M-fit,ece,0.03934095850669144,0.02332418352014915,0.07266595104431563,1000
tr,M-fit,brier,0.24593843199752372,0.24199682923883098,0.24980726117556037,1000
tr,D-noisyor,accuracy,0.521,0.489,0.552025,1000
tr,D-noisyor,macro_f1,0.4000493487592044,0.3741058746023973,0.4255476636252324,1000
tr,D-noisyor,auc,0.617416,0.5818960687105166,0.6508071676698872,1000
tr,D-noisyor,ece,0.3553243406901348,0.32918703593274207,0.3866043025203603,1000
tr,D-noisyor,brier,0.3672346427838187,0.345011589573362,0.3909337126108519,1000
tr,D-fit,accuracy,0.591,0.559975,0.621,1000
tr,D-fit,macro_f1,0.5909799580179429,0.560950281794386,0.6200114246388927,1000
tr,D-fit,auc,0.629392,0.5971374187430757,0.6625866345098237,1000
tr,D-fit,ece,0.02845782730091876,0.024995737178938687,0.06813426491708703,1000
tr,D-fit,brier,0.23747200598355062,0.23110188549744282,0.24439400524199792,1000
tr,MD-fit,accuracy,0.599,0.5689749999999999,0.63,1000
tr,MD-fit,macro_f1,0.5983891498969933,0.5687281257195839,0.6295717849834408,1000
tr,MD-fit,auc,0.632484,0.6008443592507094,0.6653628734938557,1000
tr,MD-fit,ece,0.01287588140665201,0.021725623606404544,0.05805347725803197,1000
tr,MD-fit,brier,0.23664896313844844,0.22958255594804708,0.24372779095703995,1000
